{
	"current_temperature": 13.850000381469727,
	"daily_max_temp": [13.995499610900879, 16.445499420166016, 16.73900032043457],
	"daily_min_temp": [3.445500135421753, 9.245499610900879, 9.795499801635742],
	"daily_rain_sum": [0.5, 0.4000000059604645, 0.0]
}
